----------------------------------------------
-- ARTISTE
----------------------------------------------
INSERT INTO ARTISTE VALUES('Bozzo','clown');
INSERT INTO ARTISTE VALUES('Blanc','clown');
INSERT INTO ARTISTE VALUES('Jules','clown');
INSERT INTO ARTISTE VALUES('Marie','acrobate');
INSERT INTO ARTISTE VALUES('Raoul','clown');
INSERT INTO ARTISTE VALUES('Pierre','acrobate');
INSERT INTO ARTISTE VALUES('Gary','jongleur');
INSERT INTO ARTISTE VALUES('Milledoigts','jongleur');
INSERT INTO ARTISTE VALUES('Volante','équilibriste');
INSERT INTO ARTISTE VALUES('Etoile','équilibriste');
INSERT INTO ARTISTE VALUES('Feignant','clown');
----------------------------------------------
-- NUMERO
----------------------------------------------
INSERT INTO NUMERO VALUES('Les Zappatas','Bozzo');
INSERT INTO NUMERO VALUES('Sans filet','Volante');
INSERT INTO NUMERO VALUES('skyisblue','Etoile');
INSERT INTO NUMERO VALUES('Rigolo','Bozzo');
INSERT INTO NUMERO VALUES('Millequilles','Bozzo');
----------------------------------------------
-- INTERPRETE
----------------------------------------------
INSERT INTO INTERPRETE VALUES('Bozzo','Les Zappatas');
INSERT INTO INTERPRETE VALUES('Blanc','Les Zappatas');
INSERT INTO INTERPRETE VALUES('Jules','Les Zappatas');
INSERT INTO INTERPRETE VALUES('Blanc','Rigolo');
INSERT INTO INTERPRETE VALUES('Raoul','Rigolo');
INSERT INTO INTERPRETE VALUES('Volante','Sans filet');
INSERT INTO INTERPRETE VALUES('Etoile','Sans filet');
INSERT INTO INTERPRETE VALUES('Marie','Sans filet');
INSERT INTO INTERPRETE VALUES('Pierre','Sans filet');
INSERT INTO INTERPRETE VALUES('Volante','skyisblue');
INSERT INTO INTERPRETE VALUES('Milledoigts','skyisblue');
INSERT INTO INTERPRETE VALUES('Gary','Millequilles');
INSERT INTO INTERPRETE VALUES('Milledoigts','Millequilles');
INSERT INTO INTERPRETE VALUES('Bozzo','Millequilles');
INSERT INTO INTERPRETE VALUES('Bozzo','skyisblue');
INSERT INTO INTERPRETE VALUES('Bozzo','Rigolo');
INSERT INTO INTERPRETE VALUES('Bozzo','Sans filet');
INSERT INTO INTERPRETE VALUES('Milledoigts','Sans filet');
INSERT INTO INTERPRETE VALUES('Raoul','Sans filet');
INSERT INTO INTERPRETE VALUES('Jules','Sans filet');
INSERT INTO INTERPRETE VALUES('Blanc','Sans filet');
INSERT INTO INTERPRETE VALUES('Gary','Sans filet');
INSERT INTO INTERPRETE VALUES('Milledoigts','Les Zappatas');
----------------------------------------------
-- ACCESSOIRE
----------------------------------------------
INSERT INTO ACCESSOIRE VALUES(1,'ballon','blanc','DH-124-UV');
INSERT INTO ACCESSOIRE VALUES(2,'ballon','noir','DH-124-UV');
INSERT INTO ACCESSOIRE VALUES(3,'ballon','bleu','DH-124-UV');
INSERT INTO ACCESSOIRE VALUES(4,'ballon','vert','DH-124-UV');
INSERT INTO ACCESSOIRE VALUES(5,'ballon','rouge','DH-124-UV');
INSERT INTO ACCESSOIRE VALUES(6,'ballon','jaune','DH-124-UV');
INSERT INTO ACCESSOIRE VALUES(7,'ballon','violet','DH-124-UV');
INSERT INTO ACCESSOIRE VALUES(8,'ballon','jaune','DH-124-UV');
INSERT INTO ACCESSOIRE VALUES(9,'ballon','orange','DH-124-UV');
INSERT INTO ACCESSOIRE VALUES(10,'ballon','bleu','DH-124-UV');
INSERT INTO ACCESSOIRE VALUES(11,'quilles','rouge','EG-193-KL');
INSERT INTO ACCESSOIRE VALUES(12,'quilles','jaune','EG-193-KL');
INSERT INTO ACCESSOIRE VALUES(13,'quilles','violet','EG-193-KL');
INSERT INTO ACCESSOIRE VALUES(14,'cerceau','jaune','DZ-970-ZD');
INSERT INTO ACCESSOIRE VALUES(15,'cerceau','blanc','DZ-970-ZD');
INSERT INTO ACCESSOIRE VALUES(16,'foulard','blanc','DZ-970-ZD');
INSERT INTO ACCESSOIRE VALUES(17,'foulard','rouge','DZ-970-ZD');
INSERT INTO ACCESSOIRE VALUES(18,'trapèze','blanc','EG-193-KL');
INSERT INTO ACCESSOIRE VALUES(19,'quilles','bleu','EG-193-KL');
INSERT INTO ACCESSOIRE VALUES(20,'quilles','orange','EG-193-KL');
----------------------------------------------
-- UTILISATION
----------------------------------------------
INSERT INTO UTILISATION VALUES(1,'Bozzo','Les Zappatas');
INSERT INTO UTILISATION VALUES(2,'Bozzo','Les Zappatas');
INSERT INTO UTILISATION VALUES(3,'Bozzo','Les Zappatas');
INSERT INTO UTILISATION VALUES(8,'Bozzo','Les Zappatas');
INSERT INTO UTILISATION VALUES(11,'Bozzo','Les Zappatas');
INSERT INTO UTILISATION VALUES(12,'Bozzo','Les Zappatas');
INSERT INTO UTILISATION VALUES(1,'Blanc','Les Zappatas');
INSERT INTO UTILISATION VALUES(12,'Blanc','Les Zappatas');
INSERT INTO UTILISATION VALUES(15,'Jules','Les Zappatas');
INSERT INTO UTILISATION VALUES(20,'Jules','Les Zappatas');
INSERT INTO UTILISATION VALUES(18,'Jules','Les Zappatas');
INSERT INTO UTILISATION VALUES(16,'Jules','Les Zappatas');
INSERT INTO UTILISATION VALUES(14,'Gary','Millequilles');
INSERT INTO UTILISATION VALUES(13,'Gary','Millequilles');
INSERT INTO UTILISATION VALUES(12,'Milledoigts','Millequilles');
INSERT INTO UTILISATION VALUES(18,'Volante','Sans filet');
INSERT INTO UTILISATION VALUES(18,'Pierre','Sans filet');
INSERT INTO UTILISATION VALUES(16,'Marie','Sans filet');
INSERT INTO UTILISATION VALUES(16,'Etoile','Sans filet');
INSERT INTO UTILISATION VALUES(18,'Volante','skyisblue');
INSERT INTO UTILISATION VALUES(9,'Volante','skyisblue');
INSERT INTO UTILISATION VALUES(7,'Volante','skyisblue');
INSERT INTO UTILISATION VALUES(10,'Milledoigts','skyisblue');
INSERT INTO UTILISATION VALUES(6,'Milledoigts','Les Zappatas');
INSERT INTO UTILISATION VALUES(20,'Milledoigts','Les Zappatas');
